<?xml version="1.0" encoding="UTF-8"?>
<rdf:RDF xmlns:rdf="http://www.w3.org/1999/02/22-rdf-syntax-ns#"	xmlns:cim="http://iec.ch/TC57/2013/CIM-schema-cim16#" xmlns:entsoe="http://entsoe.eu/CIM/SchemaExtension/3/1#"  xmlns:md="http://iec.ch/TC57/61970-552/ModelDescription/1#" >
<md:FullModel rdf:about="urn:uuid:bench_ucte_TP">
<md:Model.scenarioTime></md:Model.scenarioTime>
<md:Model.created></md:Model.created>
<md:Model.description></md:Model.description>
<md:Model.version></md:Model.version>
<md:Model.profile>http://entsoe.eu/CIM/Topology/4/1</md:Model.profile>
<md:Model.DependentOn rdf:resource="urn:uuid:bench_ucte_EQ" />
<md:Model.modelingAuthoritySet>http://rte-france.fr/Planning/CGMES/2.4.15</md:Model.modelingAuthoritySet>
</md:FullModel>
<cim:Terminal rdf:about="#FNOD0211_G_HGU_SM_T0">
	<cim:Terminal.TopologicalNode rdf:resource="#FNOD021_S_VL7_TN1"/>
</cim:Terminal>
<cim:Terminal rdf:about="#FNOD0211_L_EC_T0">
	<cim:Terminal.TopologicalNode rdf:resource="#FNOD021_S_VL7_TN1"/>
</cim:Terminal>
<cim:TopologicalNode rdf:ID="FNOD021_S_VL7_TN1">
	<cim:TopologicalNode.BaseVoltage rdf:resource="#_380_BV"/>
	<cim:TopologicalNode.ConnectivityNodeContainer rdf:resource="#FNOD021_S_VL7"/>
	<cim:IdentifiedObject.description>FNOD0211</cim:IdentifiedObject.description>
	<cim:IdentifiedObject.name>1</cim:IdentifiedObject.name>
</cim:TopologicalNode>
<cim:Terminal rdf:about="#FNOD0411_L_EC_T0">
	<cim:Terminal.TopologicalNode rdf:resource="#FNOD041_S_VL7_TN1"/>
</cim:Terminal>
<cim:TopologicalNode rdf:ID="FNOD041_S_VL7_TN1">
	<cim:TopologicalNode.BaseVoltage rdf:resource="#_380_BV"/>
	<cim:TopologicalNode.ConnectivityNodeContainer rdf:resource="#FNOD041_S_VL7"/>
	<cim:IdentifiedObject.description>FNOD0411</cim:IdentifiedObject.description>
	<cim:IdentifiedObject.name>1</cim:IdentifiedObject.name>
</cim:TopologicalNode>
<cim:Terminal rdf:about="#FNOD041__FNOD021__1_PT_T0">
	<cim:Terminal.TopologicalNode rdf:resource="#FNOD041_S_VL7_TN1"/>
</cim:Terminal>
<cim:Terminal rdf:about="#FNOD041__FNOD021__1_PT_T1">
	<cim:Terminal.TopologicalNode rdf:resource="#FNOD021_S_VL7_TN1"/>
</cim:Terminal>
<cim:Terminal rdf:about="#FNOD0L41__FNO_T0">
	<cim:Terminal.TopologicalNode rdf:resource="#FNOD041_S_VL7_TN1"/>
</cim:Terminal>
<cim:Terminal rdf:about="#FNOD0L41__FNO_T1">
	<cim:Terminal.TopologicalNode rdf:resource="#FNOD021_S_VL7_TN1"/>
</cim:Terminal>
</rdf:RDF>
